Workbook

Sheet Processed
A1: Quarter | B1: Gross Profit | C1: Rev per Head | D1: Revenue (EUR)
A2: Q1-2024 | B2: ='[upstream_B.xlsx]RawData'!B2-'[upstream_B.xlsx]RawData'!C2 | C2: ='[upstream_B.xlsx]RawData'!B2/'[upstream_B.xlsx]RawData'!D2 | D2: =B2*Helpers!B2
A3: Q2-2024 | B3: ='[upstream_B.xlsx]RawData'!B3-'[upstream_B.xlsx]RawData'!C3 | C3: ='[upstream_B.xlsx]RawData'!B3/'[upstream_B.xlsx]RawData'!D3 | D3: =B3*Helpers!B3
A4: Q3-2024 | B4: ='[upstream_B.xlsx]RawData'!B4-'[upstream_B.xlsx]RawData'!C4 | C4: ='[upstream_B.xlsx]RawData'!B4/'[upstream_B.xlsx]RawData'!D4 | D4: =B4*Helpers!B4
A5: Q4-2024 | B5: ='[upstream_B.xlsx]RawData'!B5-'[upstream_B.xlsx]RawData'!C5 | C5: ='[upstream_B.xlsx]RawData'!B5/'[upstream_B.xlsx]RawData'!D5 | D5: =B5*Helpers!B5
A6: Q1-2025 | B6: ='[upstream_B.xlsx]RawData'!B6-'[upstream_B.xlsx]RawData'!C6 | C6: ='[upstream_B.xlsx]RawData'!B6/'[upstream_B.xlsx]RawData'!D6 | D6: =B6*Helpers!B6
A7: Q2-2025 | B7: ='[upstream_B.xlsx]RawData'!B7-'[upstream_B.xlsx]RawData'!C7 | C7: ='[upstream_B.xlsx]RawData'!B7/'[upstream_B.xlsx]RawData'!D7 | D7: =B7*Helpers!B7
A8: Q3-2025 | B8: ='[upstream_B.xlsx]RawData'!B8-'[upstream_B.xlsx]RawData'!C8 | C8: ='[upstream_B.xlsx]RawData'!B8/'[upstream_B.xlsx]RawData'!D8 | D8: =B8*Helpers!B8
A9: Q4-2025 | B9: ='[upstream_B.xlsx]RawData'!B9-'[upstream_B.xlsx]RawData'!C9 | C9: ='[upstream_B.xlsx]RawData'!B9/'[upstream_B.xlsx]RawData'!D9 | D9: =B9*Helpers!B9

Sheet Helpers
A1: Quarter | B1: Adjusted FX | C1: Inflation Factor
A2: Q1-2024 | B2: ='[upstream_B.xlsx]FXRates'!B2*C2 | C2: ='[macro_data.xlsx]Inflation'!A2
A3: Q2-2024 | B3: ='[upstream_B.xlsx]FXRates'!B3*C3 | C3: ='[macro_data.xlsx]Inflation'!A3
A4: Q3-2024 | B4: ='[upstream_B.xlsx]FXRates'!B4*C4 | C4: ='[macro_data.xlsx]Inflation'!A4
A5: Q4-2024 | B5: ='[upstream_B.xlsx]FXRates'!B5*C5 | C5: ='[macro_data.xlsx]Inflation'!A5
A6: Q1-2025 | B6: ='[upstream_B.xlsx]FXRates'!B6*C6 | C6: ='[macro_data.xlsx]Inflation'!A6
A7: Q2-2025 | B7: ='[upstream_B.xlsx]FXRates'!B7*C7 | C7: ='[macro_data.xlsx]Inflation'!A7
A8: Q3-2025 | B8: ='[upstream_B.xlsx]FXRates'!B8*C8 | C8: ='[macro_data.xlsx]Inflation'!A8
A9: Q4-2025 | B9: ='[upstream_B.xlsx]FXRates'!B9*C9 | C9: ='[macro_data.xlsx]Inflation'!A9

Sheet Summary
A1: Metric | B1: Value
A2: Total Revenue | B2: 15800
A3: Total COGS | B3: 6320
A4: Avg Headcount | B4: 139
A5: Growth Rate | B5: 0.085
